Id,Name,City,Grade,Test-Score
1,John Doe,Dhaka,85.5,92
2,Jane Smith,Chittagong,78.2,88
3,Michael Johnson,Khulna,93.0,98
4,Emily Davis,Rajshahi,88.7,94
5,James Wilson,Barisal,76.4,86
6,Susan Brown,Sylhet,91.2,97
7,Robert Lee,Dhaka,82.9,89
8,Anna Taylor,Chittagong,89.5,93
9,William Clark,Khulna,75.1,85
10,Linda Martinez,Rajshahi,94.7,99
11,Thomas Anderson,Barisal,87.3,91
12,Sarah Moore,Sylhet,80.8,87
13,David White,Dhaka,89.1,94
14,Patricia Garcia,Chittagong,76.9,88
15,Christopher Lewis,Khulna,92.6,96
16,Laura Hall,Rajshahi,87.0,93
17,Daniel Jackson,Barisal,78.5,87
18,Karen Harris,Sylhet,84.2,90
19,Matthew Martin,Dhaka,76.8,86
20,Nancy Thompson,Chittagong,91.8,95
21,Joseph Baker,Khulna,85.3,91
22,Kimberly Green,Rajshahi,79.4,88
23,Charles Turner,Barisal,90.2,94
24,Maria Lewis,Sylhet,83.7,90
25,Anthony Walker,Dhaka,77.5,87
26,Dorothy Harris,Chittagong,88.4,92
27,Mark Nelson,Khulna,87.6,91
28,Betty King,Rajshahi,84.9,89
29,George Young,Barisal,79.7,88
30,Sandra Adams,Sylhet,92.1,95
31,Edward Scott,Dhaka,81.5,89
32,Mary Wright,Chittagong,86.2,90
33,Brian Turner,Khulna,85.1,88
34,Lisa Jackson,Rajshahi,78.3,86
35,William Thomas,Barisal,93.5,96
36,Donna Rodriguez,Sylhet,86.7,91
37,Richard White,Dhaka,80.9,88
38,Cynthia Lee,Chittagong,88.9,93
39,Jose Hall,Khulna,83.0,89
40,Deborah Parker,Rajshahi,78.6,87
41,David King,Sylhet,91.6,95
42,Donna Baker,Dhaka,86.3,91
43,Paul Martinez,Chittagong,89.0,92
44,Susan Thomas,Khulna,82.1,89
45,Michael Scott,Rajshahi,79.2,87
46,Karen Lewis,Barisal,84.7,90
47,Robert Wright,Sylhet,75.6,86
48,Linda Anderson,Dhaka,90.8,94
49,James Williams,Chittagong,83.9,89
50,Mary Taylor,Khulna,76.5,86
51,Thomas Anderson,Rajshahi,91.4,94
52,Patricia Martinez,Barisal,87.8,91
53,Michael Davis,Sylhet,85.2,90
54,Susan Wilson,Dhaka,79.3,88
55,Joseph Moore,Chittagong,93.3,96
56,Kimberly Smith,Khulna,86.9,92
57,Charles Johnson,Rajshahi,87.3,91
58,Dorothy Adams,Barisal,80.8,87
59,Richard White,Sylhet,90.1,94
60,Lisa Garcia,Dhaka,84.6,89
61,William Thomas,Chittagong,79.9,88
62,Laura Hall,Khulna,88.3,92
63,Edward Harris,Rajshahi,85.4,90
64,Cynthia Davis,Barisal,80.4,87
65,George Turner,Sylhet,93.7,96
66,Nancy Moore,Dhaka,88.1,91
67,Mark Hall,Chittagong,85.7,89
68,Karen Clark,Khulna,79.1,88
69,James Jackson,Rajshahi,91.1,94
70,Betty Turner,Barisal,84.3,90
71,John Lee,Sylhet,77.9,87
72,Maria Wilson,Dhaka,89.8,93
73,Robert Lewis,Chittagong,82.5,89
74,Deborah Green,Khulna,76.2,86
75,Michael Baker,Rajshahi,92.2,95
76,Sandra Martinez,Barisal,86.1,91
77,William Hall,Sylhet,80.2,87
78,Donna Davis,Dhaka,75.8,86
79,David Taylor,Chittagong,89.6,93
80,Donna Harris,Khulna,83.3,89
81,Joseph Turner,Rajshahi,77.4,87
82,Deborah White,Barisal,91.5,94
83,Michael Thomas,Sylhet,85.3,90
84,Linda Jackson,Dhaka,78.1,87
85,Charles Anderson,Chittagong,93.6,96
86,Patricia Turner,Khulna,88.5,91
87,David Lewis,Rajshahi,85.0,90
88,Cynthia White,Barisal,79.0,88
89,William Martin,Sylhet,91.3,94
90,Carol Lee,Dhaka,84.5,89